<?xml version="1.0" encoding="UTF-8"?>
<api xmlns="http://ws.apache.org/ns/synapse"
     name="StarbucksPaymentAPI"
     context="/payment">
   <resource methods="PUT GET"
             uri-template="/order/{orderId}"
             faultSequence="StarbucksFault">
      <inSequence>
         <property xmlns:m1="http://ws.starbucks.com/xsd"
                   xmlns:m0="http://ws.starbucks.com"
                   xmlns:sb="http://starbucks.example.org"
                   name="STARBUCKS_HOST_NAME"
                   expression="$axis2:SERVICE_PREFIX"/>
         <filter xmlns:m1="http://ws.starbucks.com/xsd"
                 xmlns:m0="http://ws.starbucks.com"
                 xmlns:sb="http://starbucks.example.org"
                 source="$ctx:REST_METHOD"
                 regex="PUT">
            <then>
               <payloadFactory media-type="xml">
                  <format>
                     <m0:doPayment>
                        <m0:orderId>$1</m0:orderId>
                        <m0:name>$2</m0:name>
                        <m0:cardNumber>$3</m0:cardNumber>
                        <m0:expiryDate>$4</m0:expiryDate>
                        <m0:amount>$5</m0:amount>
                     </m0:doPayment>
                  </format>
                  <args>
                     <arg evaluator="xml" expression="$ctx:uri.var.orderId"/>
                     <arg evaluator="xml" expression="//sb:name"/>
                     <arg evaluator="xml" expression="//sb:cardNo"/>
                     <arg evaluator="xml" expression="//sb:expires"/>
                     <arg evaluator="xml" expression="//sb:amount"/>
                  </args>
               </payloadFactory>
               <header name="Action" value="doPayment"/>
            </then>
            <else>
               <payloadFactory media-type="xml">
                  <format>
                     <m0:getPayment>
                        <m0:orderId>$1</m0:orderId>
                     </m0:getPayment>
                  </format>
                  <args>
                     <arg evaluator="xml" expression="$ctx:uri.var.orderId"/>
                  </args>
               </payloadFactory>
               <header name="Action" value="getPayment"/>
            </else>
         </filter>
         <property name="HTTP_METHOD" value="POST" scope="axis2"/>
         <send>
            <endpoint key="DataServiceEndpoint"/>
         </send>
      </inSequence>
      <outSequence>
         <filter xmlns:m1="http://ws.starbucks.com/xsd"
                 xmlns:m0="http://ws.starbucks.com"
                 xmlns:sb="http://starbucks.example.org"
                 source="$ctx:REST_METHOD"
                 regex="PUT">
            <then>
               <filter source="//m1:status/text()" regex="Payment Accepted">
                  <then>
                     <property name="Location"
                               expression="concat($ctx:STARBUCKS_HOST_NAME, 'payment/order/', $ctx:uri.var.orderId)"
                               scope="transport"/>
                     <sequence key="StarbucksPaymentInfo"/>
                     <property name="HTTP_SC" value="201" scope="axis2"/>
                  </then>
                  <else>
                     <payloadFactory media-type="xml">
                        <format>
                           <paymentError xmlns="http://starbucks.example.org/">
                              <errorCode>$1</errorCode>
                           </paymentError>
                        </format>
                        <args>
                           <arg evaluator="xml" expression="//m1:status/text()"/>
                        </args>
                     </payloadFactory>
                     <property name="HTTP_SC" value="403" scope="axis2"/>
                  </else>
               </filter>
            </then>
            <else>
               <filter xpath="//m1:orderId">
                  <then>
                     <sequence key="StarbucksPaymentInfo"/>
                  </then>
                  <else>
                     <payloadFactory media-type="xml">
                        <format>
                           <paymentError xmlns="http://starbucks.example.org/">
                              <errorCode>No payment resource found</errorCode>
                           </paymentError>
                        </format>
                        <args/>
                     </payloadFactory>
                     <property name="HTTP_SC" value="404" scope="axis2"/>
                  </else>
               </filter>
            </else>
         </filter>
         <send/>
      </outSequence>
   </resource>
</api>
