<?xml version="1.0" encoding="UTF-8"?>
<api xmlns="http://ws.apache.org/ns/synapse"
     name="StarbucksOrderAPI"
     context="/order">
   <resource methods="OPTIONS PUT GET"
             uri-template="/{orderId}"
             faultSequence="StarbuckFault">
      <inSequence>
         <log level="full"/>
         <property xmlns:m1="http://ws.starbucks.com/xsd"
                   xmlns:m0="http://ws.starbucks.com"
                   xmlns:sb="http://starbucks.example.org"
                   name="STARBUCKS_HOST_NAME"
                   expression="$axis2:SERVICE_PREFIX"/>
         <switch xmlns:m1="http://ws.starbucks.com/xsd"
                 xmlns:m0="http://ws.starbucks.com"
                 xmlns:sb="http://starbucks.example.org"
                 source="$ctx:REST_METHOD">
            <case regex="PUT">
               <payloadFactory media-type="xml">
                  <format>
                     <m0:updateOrder>
                        <m0:orderId>$1</m0:orderId>
                        <m0:drinkName>$2</m0:drinkName>
                        <m0:additions>$3</m0:additions>
                     </m0:updateOrder>
                  </format>
                  <args>
                     <arg evaluator="xml" expression="$ctx:uri.var.orderId"/>
                     <arg evaluator="xml" expression="//sb:drink"/>
                     <arg evaluator="xml" expression="//sb:additions"/>
                  </args>
               </payloadFactory>
            </case>
            <default>
               <payloadFactory media-type="xml">
                  <format>
                     <m0:getOrder>
                        <m0:orderId>$1</m0:orderId>
                     </m0:getOrder>
                  </format>
                  <args>
                     <arg evaluator="xml" expression="$ctx:uri.var.orderId"/>
                  </args>
               </payloadFactory>
            </default>
         </switch>
         <property name="HTTP_METHOD" value="POST" scope="axis2"/>
         <header name="Action" value="updateOrder"/>
         <send>
            <endpoint key="DataServiceEndpoint"/>
         </send>
      </inSequence>
      <outSequence>
         <switch xmlns:m1="http://ws.starbucks.com/xsd"
                 xmlns:m0="http://ws.starbucks.com"
                 xmlns:sb="http://starbucks.example.org"
                 source="$ctx:REST_METHOD">
            <case regex="OPTIONS">
               <property name="NO_ENTITY_BODY" value="true" scope="axis2" type="BOOLEAN"/>
               <filter source="//m1:locked" regex="false">
                  <then>
                     <property name="Allow" value="GET,PUT" scope="transport"/>
                  </then>
                  <else>
                     <property name="Allow" value="GET" scope="transport"/>
                  </else>
               </filter>
            </case>
            <case regex="GET">
               <filter xpath="//m1:orderId">
                  <then>
                     <sequence key="StarbucksOrderInfo"/>
                     <property name="Location" scope="transport" action="remove"/>
                  </then>
                  <else>
                     <sequence key="StarbucksMissingOrder"/>
                  </else>
               </filter>
            </case>
            <case regex="PUT">
               <filter xpath="//m1:orderId">
                  <then>
                     <property name="STARBUCKS_RESOURCE_LOCKED" expression="//m1:locked"/>
                     <sequence key="StarbucksOrderInfo"/>
                     <filter source="$ctx:STARBUCKS_RESOURCE_LOCKED" regex="true">
                        <property name="HTTP_SC" value="409" scope="axis2"/>
                        <property name="Location" scope="transport" action="remove"/>
                     </filter>
                  </then>
                  <else>
                     <sequence key="StarbucksMissingOrder"/>
                  </else>
               </filter>
            </case>
         </switch>
         <send/>
      </outSequence>
   </resource>
   <resource methods="POST" url-mapping="/" faultSequence="StarbucksFault">
      <inSequence>
         <log level="full"/>
         <property xmlns:m1="http://ws.starbucks.com/xsd"
                   xmlns:m0="http://ws.starbucks.com"
                   xmlns:sb="http://starbucks.example.org"
                   name="STARBUCKS_HOST_NAME"
                   expression="$axis2:SERVICE_PREFIX"/>
         <payloadFactory media-type="xml">
            <format>
               <m0:addOrder xmlns:m0="http://ws.starbucks.com">
                  <m0:drinkName>$1</m0:drinkName>
                  <m0:additions>$2</m0:additions>
               </m0:addOrder>
            </format>
            <args>
               <arg xmlns:m1="http://ws.starbucks.com/xsd"
                    xmlns:m0="http://ws.starbucks.com"
                    xmlns:sb="http://starbucks.example.org"
                    evaluator="xml"
                    expression="//sb:drink"/>
               <arg xmlns:m1="http://ws.starbucks.com/xsd"
                    xmlns:m0="http://ws.starbucks.com"
                    xmlns:sb="http://starbucks.example.org"
                    evaluator="xml"
                    expression="//sb:additions"/>
            </args>
         </payloadFactory>
         <header name="Action" value="addOrder"/>
         <send>
            <endpoint key="DataServiceEndpoint"/>
         </send>
      </inSequence>
      <outSequence>
         <property name="HTTP_SC" value="201" scope="axis2"/>
         <property xmlns:m1="http://ws.starbucks.com/xsd"
                   xmlns:m0="http://ws.starbucks.com"
                   xmlns:sb="http://starbucks.example.org"
                   name="uri.var.orderId"
                   expression="//m1:orderId"/>
         <sequence key="StarbucksOrderInfo"/>
         <send/>
      </outSequence>
   </resource>
</api>
