<?xml version="1.0" encoding="UTF-8"?>
<api xmlns="http://ws.apache.org/ns/synapse"
     name="StarbucksOrderListAPI"
     context="/orders">
   <resource methods="GET" faultSequence="StarbucksFault">
      <inSequence>
         <property name="HTTP_METHOD" value="POST" scope="axis2"/>
         <property xmlns:m0="http://ws.starbucks.com"
                   xmlns:sb="http://starbucks.example.org"
                   name="STARBUCKS_SYSTEM_URL"
                   expression="$axis2:SERVICE_PREFIX"/>
         <property xmlns:m0="http://ws.starbucks.com"
                   xmlns:sb="http://starbucks.example.org"
                   name="STARBUCKS_ACCEPT"
                   expression="$trp:Accept"/>
         <payloadFactory media-type="xml">
            <format>
               <m0:getPendingOrders xmlns:m0="http://ws.starbucks.com"/>
            </format>
            <args/>
         </payloadFactory>
         <header name="Action" value="getPendingOrders"/>
         <send>
            <endpoint key="DataServiceEndpoint"/>
         </send>
      </inSequence>
      <outSequence>
         <switch xmlns:m0="http://ws.starbucks.com"
                 xmlns:sb="http://starbucks.example.org"
                 source="$ctx:STARBUCKS_ACCEPT">
            <case regex=".*atom.*">
               <sequence key="StarbucksAtomFeed"/>
            </case>
            <case regex=".*text/html.*">
               <xslt key="OrderHtmlGenerator">
                  <property name="SystemURL" expression="$ctx:STARBUCKS_SYSTEM_URL"/>
               </xslt>
               <property name="ContentType" value="text/html" scope="axis2"/>
            </case>
            <case regex=".*json.*">
               <xslt key="RemoveNS"/>
               <property name="messageType" value="application/json" scope="axis2"/>
            </case>
            <case regex=".*application/xml.*">
               <property name="messageType" value="application/xml" scope="axis2"/>
            </case>
            <default>
               <sequence key="StarbucksAtomFeed"/>
            </default>
         </switch>
         <send/>
      </outSequence>
   </resource>
</api>
