<?xml version="1.0" encoding="UTF-8"?>
<api xmlns="http://ws.apache.org/ns/synapse"
     name="StarbucksBaristaAPI"
     context="/barista">
   <resource methods="DELETE PUT" uri-template="/order/{orderId}">
      <inSequence>
         <property xmlns:m1="http://ws.starbucks.com/xsd"
                   xmlns:m0="http://ws.starbucks.com"
                   xmlns:sb="http://starbucks.example.org"
                   name="STARBUCKS_HOST_NAME"
                   expression="$axis2:SERVICE_PREFIX"/>
         <switch xmlns:m1="http://ws.starbucks.com/xsd"
                 xmlns:m0="http://ws.starbucks.com"
                 xmlns:sb="http://starbucks.example.org"
                 source="$ctx:REST_METHOD">
            <case regex="DELETE">
               <payloadFactory media-type="xml">
                  <format>
                     <m0:removeOrder>
                        <m0:orderId>$1</m0:orderId>
                     </m0:removeOrder>
                  </format>
                  <args>
                     <arg evaluator="xml" expression="$ctx:uri.var.orderId"/>
                  </args>
               </payloadFactory>
               <header name="Action" value="removeOrder"/>
            </case>
            <case regex="PUT">
               <payloadFactory media-type="xml">
                  <format>
                     <m0:lockOrder>
                        <m0:orderId>$1</m0:orderId>
                     </m0:lockOrder>
                  </format>
                  <args>
                     <arg evaluator="xml" expression="$ctx:uri.var.orderId"/>
                  </args>
               </payloadFactory>
               <property name="STARBUCKS_CONTENT_TYPE" expression="$axis2:ContentType"/>
               <property name="ContentType" value="application/xml" scope="axis2"/>
               <header name="Action" value="lockOrder"/>
            </case>
         </switch>
         <property name="HTTP_METHOD" value="POST" scope="axis2"/>
         <send>
            <endpoint key="DataServiceEndpoint"/>
         </send>
      </inSequence>
      <outSequence>
         <switch xmlns:m1="http://ws.starbucks.com/xsd"
                 xmlns:m0="http://ws.starbucks.com"
                 xmlns:sb="http://starbucks.example.org"
                 source="$ctx:REST_METHOD">
            <case regex="DELETE">
               <payloadFactory media-type="xml">
                  <format>
                     <message xmlns="http://starbucks.example.org">Order deleted</message>
                  </format>
                  <args/>
               </payloadFactory>
            </case>
            <case regex="PUT">
               <payloadFactory media-type="xml">
                  <format>
                     <order xmlns="http://starbucks.example.org">
                        <drink>$1</drink>
                        <cost>$2</cost>
                        <additions>$3</additions>
                     </order>
                  </format>
                  <args>
                     <arg evaluator="xml" expression="//m1:drinkName/text()"/>
                     <arg evaluator="xml" expression="//m1:cost/text()"/>
                     <arg evaluator="xml" expression="//m1:additions/text()"/>
                  </args>
               </payloadFactory>
               <property name="ContentType"
                         expression="$ctx:STARBUCKS_CONTENT_TYPE"
                         scope="axis2"/>
            </case>
         </switch>
         <send/>
      </outSequence>
   </resource>
</api>
